"","species","stock","log_a_med","log_a_LCI","log_a_UCI","gamma_med","gamma_LCI","gamma_UCI","w_med","w_LCI","w_UCI","min_ESS","min_Rhat"
"25%...1","Sockeye","Atnarko-Sockeye",0.490219046596587,-0.185265275120135,1.17144363630384,0.5,0.221447740840914,0.778552259159086,0.0143269645290324,-0.688707565188987,0.684852059208794,1.02318346259525,Inf
"25%...2","Sockeye","Ayakulik-Sockeye",0.883841386744711,0.66041806420496,1.10646331745336,0.5,0.402296929123926,0.597703070876074,-0.00372799989772538,-0.623727938780909,0.609244635595013,1.00966691861679,Inf
"25%...3","Sockeye","Bear-Sockeye",2.2173874544284,1.87654275458168,2.55908411539558,0.5,0.397749415661575,0.602250584338425,0.014410960402129,-0.621827247815037,0.622438601798547,1.00617401181304,Inf
"25%...4","Sockeye","Black Lake-Sockeye",1.4276199936473,1.20908854396802,1.64868215665054,0.5,0.420453826053013,0.579546173946987,-0.0166647907010097,-0.647034870332447,0.575364472390371,1.00137078733903,Inf
"25%...5","Sockeye","Chignik Lake-Sockeye",1.98070819580793,1.83407031337349,2.12966681878332,0.5,0.441224873297734,0.558775126702266,-0.0193709445214239,-0.667556170789664,0.605127472381944,1.00524890470133,Inf
"25%...6","Sockeye","Chilkoot-Sockeye",1.40318955505971,0.971409765864345,1.81212564245853,0.5,0.308249445813539,0.691750554186461,0.0261009665034986,-0.600901924922079,0.629565745447078,1.0068047280945,Inf
"25%...7","Sockeye","Coghill-Sockeye",1.59693981694531,1.28646813388999,1.90754772254719,0.5,0.426887023815468,0.573112976184532,0.000712798131644086,-0.630925540742376,0.619457013004004,1.00597613570944,Inf
"25%...8","Sockeye","Copper-Sockeye",1.62221715010451,1.44513069840178,1.80412652768624,0.5,0.344611071744562,0.655388928255438,-0.0197242964324859,-0.724423063873741,0.669661767554859,1.00523032080409,Inf
"25%...9","Sockeye","Early Karluk-Sockeye",1.81377003539685,1.44988852254165,2.15080320520078,0.5,0.378442532463895,0.621557467536105,-0.00479208236181337,-0.618629172651777,0.621059764460015,1.062397889989,Inf
"25%...10","Sockeye","Early Upper Station-Sockeye",0.888509710598231,0.624792447429398,1.20882006674955,0.5,0.353587246935711,0.646412753064289,0.0087172836138729,-0.626814215088476,0.677147738468163,1.00521800057859,Inf
"25%...11","Sockeye","Eshamy-Sockeye",1.69582081180376,1.41241019443011,1.99974264358623,0.5,0.410061031802732,0.589938968197268,-0.0210578650381093,-0.656078341456351,0.621279660743171,1.01436866197589,Inf
"25%...12","Sockeye","Fennell-Sockeye",3.00854894516101,2.66603738979179,3.3210170384296,0.5,0.412373458389056,0.587626541610944,-0.0157231055462146,-0.659885376371847,0.643992196680735,1.00673119151681,Inf
"25%...13","Sockeye","Frazer-Sockeye",1.60485970116626,1.35236842838919,1.83960305106484,0.5,0.441546446059214,0.558453553940786,0.00583832936330667,-0.604552111783107,0.639862887612172,1.00501248266548,Inf
"25%...14","Sockeye","Goodnews-Sockeye",1.09716630292921,0.877593637913981,1.30044695759647,0.5,0.416769193932456,0.583230806067544,-0.0211953438735661,-0.657392483058368,0.584260350832313,1.00451611371516,Inf
"25%...15","Sockeye","Kasilof-Sockeye",1.70137895223205,1.56510105161025,1.86845740602411,0.5,0.416979325342162,0.583020674657838,-0.00757955155040932,-0.65241066673499,0.632936020281092,1.00807606634122,Inf
"25%...16","Sockeye","Kenai-Sockeye",1.73180242430437,1.47383125246072,1.91872993077028,0.5,0.357230740633484,0.642769259366516,0.0134199512164655,-0.738275927542399,0.748077691515477,1.00782454094978,Inf
"25%...17","Sockeye","Late Karluk-Sockeye",1.73804528359395,1.47694231020737,1.97667986154992,0.5,0.40966973741056,0.59033026258944,0.0337393327346968,-0.629604375075318,0.646122185316913,1.00495150942361,Inf
"25%...18","Sockeye","Late Upper Station-Sockeye",1.19122524069285,0.97045123259819,1.42102147932431,0.5,0.413588378670868,0.586411621329131,-0.00507340147905083,-0.594225947713339,0.608305069792721,1.00510796782334,Inf
"25%...19","Sockeye","Nass (Meziadin)-Sockeye",1.87260786740436,1.69322091714537,2.05797619520367,0.5,0.434345378355433,0.565654621644567,-0.0184307080641781,-0.632348418631046,0.585735370877216,1.00456995958617,Inf
"25%...20","Sockeye","Nelson-Sockeye",1.72575909450277,1.43881662507044,1.97417596193544,0.5,0.354538068577273,0.645461931422727,0.0177414159455791,-0.544891912278154,0.616801439433346,1.04265408878414,Inf
"25%...21","Sockeye","Owikeno-Sockeye",0.407885263065365,-0.160515460882915,0.978445716322225,0.5,0.375457103757212,0.624542896242788,-0.011101903719042,-0.624235349074271,0.595299825030188,1.00656335597582,Inf
"25%...22","Sockeye","Redoubt-Sockeye",1.58760943665048,1.07568728427549,2.01894096631294,0.5,0.342051747151043,0.657948252848957,0.0147927429663524,-0.58471317541849,0.64173114092584,1.00498275917433,Inf
"25%...23","Sockeye","Togiak-Sockeye",1.70603985229621,1.45147298141073,1.93486720225983,0.5,0.312763786422364,0.687236213577636,-0.00807114607957991,-0.625548636375173,0.612992907574595,1.00583956893661,Inf
"25%...24","Sockeye","Washington-Sockeye",0.371486951958667,0.107687323105654,0.65667771981167,0.5,0.437832542123845,0.562167457876155,-0.0382628926112894,-0.638801188848739,0.606994619490319,1.00940819916082,Inf
"25%...25","Sockeye","Early Stuart-Sockeye",1.97673547973859,1.72419067217971,2.21960121656184,0.5,0.413027923503702,0.586972076496298,-0.00042195806937839,-0.588805402090403,0.616700605973678,1.01626356923602,Inf
"25%...26","Sockeye","Late Stuart-Sockeye",1.45784916180599,1.00668421856705,1.94344757005005,0.5,0.379798367245797,0.620201632754203,-0.0092222555450839,-0.598178402039047,0.590207751844766,1.00740904343998,Inf
"25%...27","Sockeye","Stellako-Sockeye",2.39558265648471,1.97477152117368,2.79829370910094,0.5,0.351873971777241,0.648126028222759,-0.00880566344813635,-1.08330597172788,1.06251563062158,1.02559489173481,Inf
"25%...28","Sockeye","Bowron-Sockeye",2.14708503420042,1.91715200584196,2.37488354574162,0.5,0.458066801985864,0.541933198014136,0.000945564844787236,-0.629700771315033,0.633605145712285,1.00591281992509,Inf
"25%...29","Sockeye","Raft-Sockeye",2.32420197067477,2.06237313900557,2.59907751503255,0.5,0.423261031858269,0.576738968141731,-0.0139258344060443,-0.620134465763119,0.612970740054853,1.00862319032731,Inf
"25%...30","Sockeye","Quesnel-Sockeye",2.2927781066705,1.39305529783666,2.90089573347079,0.5,0.20622034600792,0.79377965399208,0.00820439532648978,-0.947613487028625,0.946979127070659,1.00497746627982,Inf
"25%...31","Sockeye","Chilko-Sockeye",2.56906709875481,2.33810470684684,2.7700186339336,0.5,0.433449879298341,0.566550120701659,-0.00440350972666158,-0.590802241600154,0.605984993224726,1.005409632064,Inf
"25%...32","Sockeye","Seymour-Sockeye",2.08509548395479,1.74534103341718,2.36787191942715,0.5,0.415015291000106,0.584984708999894,-0.0119716169780302,-0.662574652434633,0.64481933755188,1.00418147119976,Inf
"25%...33","Sockeye","Late Shuswap-Sockeye",2.02234179300912,1.73579209319065,2.32303782611634,0.5,0.431594747216859,0.568405252783141,-0.0123772910647734,-0.608239450277017,0.622590712772572,1.00742544585602,Inf
"25%...34","Sockeye","Birkenhead-Sockeye",2.44889425755904,2.09397427199728,2.7582810271282,0.5,0.435946911237771,0.564053088762229,0.0126953278119029,-0.63051415146753,0.627851355322297,1.01069267515475,Inf
"25%...35","Sockeye","Cultus-Sockeye",0.964760515970189,0.566305883867901,1.38712483188991,0.5,0.405927589756942,0.594072410243058,0.00919583017195645,-0.630471589030393,0.616031196819638,1.00571163551087,Inf
"25%...36","Sockeye","Portage-Sockeye",2.72149610714704,2.27981232951084,3.14565976476632,0.5,0.423064019830104,0.576935980169896,-0.021952558087041,-0.637922154332828,0.618984842056155,1.00823122325122,Inf
"25%...37","Sockeye","Weaver-Sockeye",2.67151935402925,2.35006709234142,2.97929501269295,0.5,0.45153527387153,0.54846472612847,0.000724162776026827,-0.651497026639387,0.599547120805377,1.00366978651385,Inf
"25%...38","Sockeye","North Barriere-Sockeye",2.74088174998306,2.28027159418632,3.1046880786848,0.5,0.398626940560813,0.601373059439187,0.0209296773527338,-0.625340719390115,0.662982551174398,1.00530227638769,Inf
"25%...39","Sockeye","Scotch-Sockeye",2.20643464752215,1.704409952336,2.66446125392648,0.5,0.399834748971499,0.600165251028501,0.00110558142996247,-0.760592018979078,0.76081110552373,1.00601147311332,Inf
"25%...40","Sockeye","Gates-Sockeye",2.94860839492936,2.37071328142019,3.45566698209671,0.5,0.31429997189726,0.68570002810274,-0.00909330430460803,-0.669417778332564,0.685420052583464,1.01193845646848,Inf
"25%...41","Sockeye","Nadina-Sockeye",2.05108673974875,1.57964383214393,2.42252494678029,0.5,0.353038255398863,0.646961744601137,0.013260897368351,-0.640427787365317,0.674154909190567,1.00628882225946,Inf
"25%...42","Sockeye","Pitt-Sockeye",2.22776436970022,1.96734814490278,2.46007265231433,0.5,0.423207261053271,0.576792738946729,-0.00344556339245569,-0.661493726905428,0.664267820760771,1.00673419916675,Inf
"25%...43","Sockeye","Harrison-Sockeye",2.06034076703409,1.58214127311081,2.5035139141249,0.5,0.40825200190675,0.59174799809325,0.0252379063301867,-0.615924521477032,0.626369528119193,1.00868581763523,Inf
"25%...44","Sockeye","Misc. Early Shuswap-Sockeye",1.20667714759907,0.348776529463142,1.99187804557029,0.5,0.232510074433956,0.767489925566044,-0.0091312844207787,-0.596939850627795,0.581785408326143,1.00548423757339,Inf
"25%...45","Sockeye","Misc. Taseko-Sockeye",2.26743336964647,1.62874253730084,2.765052008564,0.5,0.13844588198105,0.86155411801895,0.0197168086310523,-0.629409291270395,0.659140612029957,1.0151025471606,Inf
"25%...46","Sockeye","Misc. Chilliwack-Sockeye",0.956198618154363,0.0331672305581221,1.86485613839081,0.5,0.178114696761912,0.821885303238088,0.00484866653273112,-0.66782460098089,0.668354633885351,1.00441588019579,Inf
"25%...47","Sockeye","Misc. N. Thompson Main.-Sockeye",2.56325614496231,1.11794389088358,3.62551557803384,0.5,0.127528051339435,0.872471948660565,0.0351079447582287,-0.78197366731254,0.833660463981759,1.02410470078288,Inf
"25%...48","Sockeye","Misc. N. Thompson Tribs.-Sockeye",1.49095106249524,0.470221822229015,2.14604214371311,0.5,0.107310382034237,0.892689617965763,-0.0238840552348745,-0.632454454477133,0.60645970859809,1.01435154007927,Inf
"25%...49","Sockeye","Misc. Widgeon-Sockeye",1.93475452233874,0.84960709567768,2.8492113792063,0.5,0.0245163295567485,0.975483670443252,-0.00228181249622768,-0.721489717761465,0.705554845702085,1.11440387031026,Inf
"25%...50","Sockeye","Misc. Harrison/Lillooet-Sockeye",1.10156045950471,0.00370394260546702,1.82090647494488,0.5,0.247181752220896,0.752818247779104,-0.0206336310426471,-0.651241680678695,0.635640704417702,1.00693860493305,Inf
"25%...51","Sockeye","Alastair-Sockeye",1.32457871467636,1.08289984294286,1.55775648574829,0.5,0.432058723858026,0.567941276141974,-0.00166026981727065,-0.599465530197828,0.586176709341563,1.00683351738807,Inf
"25%...52","Sockeye","Asitka-Sockeye",1.73041888188207,0.950217751744573,2.34451642566405,0.5,0.250495243775724,0.749504756224276,0.000781607334726903,-0.670563690325283,0.659047153857796,1.00693306248394,Inf
"25%...53","Sockeye","Babine Early Wild-Sockeye",1.06612947004184,0.706958851650487,1.37481385058126,0.5,0.383910825470792,0.616089174529208,-2.95535044431781e-05,-0.668879041710199,0.634274418034995,1.00892658320253,Inf
"25%...54","Sockeye","Babine Late Wild-Sockeye",1.19574249939984,0.815159710192675,1.60551389478971,0.5,0.358964683102276,0.641035316897724,-0.0173410498021083,-0.692638212149976,0.686477123427611,1.00612689928779,Inf
"25%...55","Sockeye","Babine Mid Wild-Sockeye",1.43814974494577,1.15564814004978,1.74801396524198,0.5,0.424713166013721,0.575286833986279,-0.035312617359043,-0.703578853272152,0.622671388636607,1.00495228899431,Inf
"25%...56","Sockeye","Bear-Skeena-Sockeye",1.91074730779015,1.66807865348108,2.16597682639765,0.5,0.389911991131938,0.610088008868062,-0.0328850684589038,-0.608533747938313,0.573262560130871,1.00646158946571,Inf
"25%...57","Sockeye","Damdochax-Sockeye",1.78635646638913,1.51087786420489,2.17369448910356,0.5,0.336201359759362,0.663798640240638,-0.021463551822468,-0.665971715713502,0.605834872877767,1.00812634685139,Inf
"25%...58","Sockeye","Fulton-Sockeye",1.83515865275246,1.53305575166283,2.11696139805662,0.5,0.428162212836085,0.571837787163915,0.0370141464938391,-0.578141726954347,0.673335021677909,1.00531570872593,Inf
"25%...59","Sockeye","Johnston-Sockeye",1.71442179889084,0.516326424760149,2.67411258291561,0.5,0.0003625564411463,0.999637443558854,0.0226675602655714,-0.639070593071099,0.692674176612263,1.0243958072277,Inf
"25%...60","Sockeye","Kitsumkalum-Sockeye",1.3015078690942,0.995472509367523,1.62205757187265,0.5,0.371003909571501,0.628996090428499,0.0231827236111727,-0.654113120075255,0.675208591165851,1.0084466305842,Inf
"25%...61","Sockeye","Kitwanga-Sockeye",1.09081950539486,-0.188381140108386,1.91650035118087,0.5,0.0243701266445368,0.975629873355463,0.0220757017904189,-0.643550352481855,0.703931520931249,1.01696580010819,Inf
"25%...62","Sockeye","Kwinageese-Sockeye",1.68763071536888,1.2559432071002,2.15811678770368,0.5,0.352353502372035,0.647646497627965,0.0173042595388811,-0.598320571678242,0.633390507231806,1.00752066454149,Inf
"25%...63","Sockeye","Lakelse-Sockeye",1.04814898511272,0.69062342778302,1.46116401413469,0.5,0.325558554002376,0.674441445997624,-0.00726960827327564,-0.589165115235661,0.642791996061292,1.00764276793889,Inf
"25%...64","Sockeye","Lower Nass Sea & River Type-Sockeye",1.26443951463438,0.703706131430036,1.72337034121769,0.5,0.353480480765063,0.646519519234937,0.00225746693747325,-0.613804505759758,0.63150365186133,1.00887214910555,Inf
"25%...65","Sockeye","Mcdonell-Sockeye",1.78612673607933,1.54701898216232,2.04102359969503,0.5,0.318487959655264,0.681512040344736,0.0159601122981246,-0.564514407066607,0.590701554674578,1.0098781159507,Inf
"25%...66","Sockeye","Morice-Sockeye",1.59093982780557,1.31039466362041,1.85801311630191,0.5,0.438264401775723,0.561735598224277,0.022645687716653,-0.600821811741995,0.679905320599773,1.00555304424469,Inf
"25%...67","Sockeye","Motase-Sockeye",1.50391400394755,1.14719566408901,1.85671708718477,0.5,0.353327171545172,0.646672828454828,0.00501844791836717,-0.637315490067069,0.657085971614569,1.02802857258162,Inf
"25%...68","Sockeye","Pinkut-Sockeye",1.42058652559109,0.983664242078975,1.9754783248618,0.5,0.285233700559696,0.714766299440304,0.00823276206845514,-0.636411891310973,0.624360226539652,1.00495927812627,Inf
"25%...69","Sockeye","Slamgeesh-Sockeye",1.34694845873845,0.999689490818934,1.67208413171508,0.5,0.343934654429478,0.656065345570522,0.0275597099783543,-0.612383006836588,0.653976850434447,1.00536473010122,Inf
"25%...70","Sockeye","Sustut-Sockeye",2.15600602274259,1.77262153132135,2.54048524161909,0.5,0.422338140447932,0.577661859552068,0.00108400859076241,-0.683885274393034,0.649383252751047,1.00517857681471,Inf
"25%...71","Sockeye","Swan/Stephens-Sockeye",0.925009521341655,0.476899469687018,1.49515100781462,0.5,0.35105192555903,0.64894807444097,-0.0237725282941079,-0.813167150835491,0.764579524026459,1.01220206027839,Inf
"25%...72","Sockeye","Upper Nass River Type-Sockeye",1.53343357876615,0.883598283083685,2.08271758506482,0.5,0.15666148693018,0.84333851306982,-9.18178140783682e-05,-0.665998022602214,0.690168256075168,1.00646473777366,Inf
"25%...73","Sockeye","Igushik-Sockeye",1.37108276394864,1.04555883566896,1.6471282738384,0.5,0.379315070465913,0.620684929534087,-0.0423568644591054,-0.642781304678138,0.594611151324406,1.00793365465915,Inf
"25%...74","Sockeye","Wood-Sockeye",1.46621395932845,1.14051349141951,1.81538953624156,0.5,0.245641028793726,0.754358971206274,-0.00295919668607054,-0.729199204604674,0.731586293141451,1.00723319585192,Inf
"25%...75","Sockeye","Nushagak-Sockeye",1.47326309303034,1.23693791259013,1.72851355991593,0.5,0.412645262142418,0.587354737857582,0.00769245184110884,-0.664048405870129,0.651289251468264,1.00778446744339,Inf
"25%...76","Sockeye","Kvichak-Sockeye",0.91165640723899,0.60732724276355,1.18529399547758,0.5,0.384866543481473,0.615133456518527,0.040924337520892,-0.522507721266395,0.572968880707839,1.05042457117882,Inf
"25%...77","Sockeye","Alagnak-Sockeye",1.21785199216048,0.894102402906799,1.59772199412838,0.5,0.340029530135226,0.659970469864774,-0.00814313959974724,-0.629404108257018,0.636161694816677,1.00804620105243,Inf
"25%...78","Sockeye","Naknek-Sockeye",1.50841821643387,1.33064649364597,1.69272815119644,0.5,0.423429396653725,0.576570603346275,-0.00639514509623608,-0.633556293067626,0.659902380009739,1.0056820586763,Inf
"25%...79","Sockeye","Egegik-Sockeye",1.82427967556483,1.52095004261758,2.14955574473098,0.5,0.360094822737957,0.639905177262043,0.00610774088446402,-0.608586339737272,0.620658401325219,1.0074508232205,Inf
"25%...80","Sockeye","Ugashik-Sockeye",1.38448810042038,0.878550577343265,1.84991682662071,0.5,0.3129743401122,0.6870256598878,0.0112064551405282,-0.556228259872183,0.605160397971771,1.0089825064201,Inf
"25%...81","Chum","Willapa Bay-Chum",1.04536093166242,0.746885221767952,1.36098096005968,0.5,0.396480134085789,0.603519865914211,-0.0436784324939958,-0.595620621173478,0.538760331428159,1.00766819101095,Inf
"25%...82","Chum","Grays Harbour-Chum",1.21899969858166,0.928354380038547,1.49432243096107,0.5,0.407052887956772,0.592947112043228,0.0262262662826758,-0.540895029378218,0.598666434015029,1.00539164933547,Inf
"25%...83","Chum","S Sound Summer-Chum",1.160066006911,0.61598336898787,1.68180451647992,0.5,0.206071647297104,0.793928352702896,-0.0578715857735688,-0.641158604777182,0.569610287270041,1.01452040286965,Inf
"25%...84","Chum","S Sound Fall-Chum",1.51429257503407,1.26076298701664,1.77606850209473,0.5,0.352510187715838,0.647489812284163,0.0308299422605942,-0.573137566132041,0.608319116725096,1.01002605385574,Inf
"25%...85","Chum","S Sound Winter-Chum",0.757621528375853,0.488804551602293,1.05404430537089,0.5,0.409891116716706,0.590108883283294,-0.013804646451639,-0.624589000385166,0.615221273516851,1.00432835711177,Inf
"25%...86","Chum","Hood Canal-Chum",1.94065362899601,1.5565928724542,2.36102844979091,0.5,0.321351873606861,0.678648126393139,0.0181818574885054,-0.556736873251984,0.594460989800091,1.00712611887445,Inf
"25%...87","Chum","Port Susan-Chum",0.681472946683703,0.346976884306808,1.02761973184954,0.5,0.380977336607099,0.619022663392901,-0.0118247245965252,-0.753634422669415,0.788034984085667,1.01252654761094,Inf
"25%...88","Chum","Skagit-Chum",0.483566570071751,0.147235630127625,0.830278029735017,0.5,0.370890841846822,0.629109158153178,-0.0250122564572814,-0.599892196685476,0.582662162111061,1.01344452351754,Inf
"25%...89","Chum","Bellingham-Chum",1.47526780922997,1.23489622962781,1.71301250331879,0.5,0.386885976255406,0.613114023744594,-0.00550043142909734,-0.625253435568475,0.668601466053798,1.00654885490654,Inf
"25%...90","Chum","Strait of Juan de Fuca-Chum",0.696098579180304,0.306148257487245,1.02318249223534,0.5,0.410437915031562,0.589562084968438,-0.0436004537796333,-0.687882497351706,0.66276247023257,1.00811731938766,Inf
"25%...91","Chum","Fraser-Chum",0.989902611473173,0.758119117647552,1.18678208881387,0.5,0.363904244254596,0.636095755745404,0.0187231990071578,-0.641566804935435,0.645280654995945,1.00369211254605,Inf
"25%...92","Chum","BC South (no Fraser)-Chum",0.998896818316038,0.623484681500515,1.29214301859511,0.5,0.255896572780653,0.744103427219347,-0.0301659350533994,-0.679414210909645,0.590968340504914,1.01328492470669,Inf
"25%...93","Chum","Area 10-Chum",0.732757748579152,0.198068674109017,1.18897298504234,0.5,0.35246894169688,0.64753105830312,0.00118827957175216,-0.641796396788085,0.624551528892705,1.00781072449526,Inf
"25%...94","Chum","Area 9-Chum",0.748635316984041,-0.0870268203594177,1.21143448635276,0.5,0.27046666857682,0.72953333142318,0.0385757795104419,-0.646356296248817,0.648145219035959,1.01003556310868,Inf
"25%...95","Chum","Area 8-Chum",1.6376379686069,1.28914367194432,1.99301790425824,0.5,0.383529327885881,0.616470672114119,0.0214304604215355,-0.641945418260915,0.64174855743702,1.00789103640103,Inf
"25%...96","Chum","Area 7-Chum",1.80213612728364,1.54114762857148,2.05710169222337,0.5,0.384364911803825,0.615635088196175,-0.0143405426476626,-0.661442589738796,0.638393528850212,1.01025983273334,Inf
"25%...97","Chum","Area 6-Chum",0.829923308213443,0.376508675594298,1.26919620251461,0.5,0.349219865711254,0.650780134288746,-0.0149573658006658,-0.647146815203901,0.592189944394088,1.00808129260613,Inf
"25%...98","Chum","Area 5-Chum",1.45235057856899,1.11903740269646,2.02527355938832,0.5,0.237749833470723,0.762250166529277,0.0251149445072779,-0.597205096947677,0.641989703188127,1.00669608818322,Inf
"25%...99","Chum","Area 4-Chum",0.608447625742376,0.0755552718531269,1.08567727169197,0.5,0.308175079187456,0.691824920812544,0.0323892542563239,-0.58960489516352,0.632479746162857,1.00595387671592,Inf
"25%...100","Chum","Area 3-Chum",1.42195476752242,1.13918747025246,1.69121976339709,0.5,0.417087610108097,0.582912389891903,-0.0079170569713054,-0.651099751711247,0.676107005049223,1.02254659519541,Inf
"25%...101","Chum","Area 2W-Chum",1.27197736711655,1.0089341695744,1.54279535258759,0.5,0.198517502663607,0.801482497336393,-0.00202478157580143,-0.585458832594484,0.574568640827928,1.02075679203324,Inf
"25%...102","Chum","Area 2E-Chum",0.617280134772633,0.340134648508649,0.946235026098733,0.5,0.383574180056691,0.616425819943309,0.0418879293423299,-0.697294737426749,0.757852355749118,1.00572913676762,Inf
"25%...103","Chum","Area 1-Chum",1.05322644583007,0.436782637862704,1.65797694889953,0.5,0.328597684836469,0.671402315163531,0.0103604267625033,-0.637834954744926,0.621254089912459,1.00666221153511,Inf
"25%...104","Chum","Kadashan-Chum",1.60791670532262,1.0723472658127,2.13556592002344,0.5,0.273809000415699,0.726190999584301,0.0264237007259589,-0.634417470656154,0.631216083807344,1.00373260454323,Inf
"25%...105","Chum","Chilkat-Chum",1.5510883142464,1.17634005808866,1.81654655314857,0.5,0.177020961950595,0.822979038049405,0.000230845387326531,-0.818955764514544,0.785552244232066,1.01593396381892,Inf
"25%...106","Chum","East Alsek-Chum",1.65073117975342,1.30414512338202,1.9940457170792,0.5,0.348111398930033,0.651888601069967,0.0310464393617578,-0.682839930634659,0.707754360919358,1.00590649956731,Inf
"25%...107","Chum","PWS-Chum",2.46548203744197,1.98444851211717,2.79030097508455,0.5,0.289310614313533,0.710689385686467,-0.0109804548089247,-0.560677524737865,0.564643406639109,1.01108990358005,Inf
"25%...108","Chum","Kamishak-Chum",1.17079374447766,0.86047403266353,1.47306147815446,0.5,0.343184970543263,0.656815029456737,-0.0251416733375656,-0.627934586051684,0.587897666944924,1.01948857873889,Inf
"25%...109","Chum","Outer CIn-Chum",0.923918648681975,0.565741504917915,1.28401464718396,0.5,0.356965511791005,0.643034488208996,0.00125166305543142,-0.629549556893689,0.645625228188466,1.00712012094553,Inf
"25%...110","Chum","S CIn-Chum",2.00634432910882,1.73676429878989,2.33311564839868,0.5,0.339272683369354,0.660727316630646,0.00199421411665393,-0.684574732374802,0.687471025830795,1.01754066157626,Inf
"25%...111","Chum","Upper CIn-Chum",1.36631489934963,1.04941945770699,1.66587424453285,0.5,0.376513394902046,0.623486605097954,-0.0483340999947054,-0.673981647869338,0.595899915804468,1.00658888111838,Inf
"25%...112","Chum","Alitak-Chum",1.77667178302811,1.57679062236593,2.05645144546147,0.5,0.378262698765485,0.621737301234515,0.0224036606637379,-0.687680475258994,0.691595103297944,1.01197832469687,Inf
"25%...113","Chum","E Kod-Chum",1.90507139969348,1.63785039299073,2.15802612527571,0.5,0.377158843985368,0.622841156014632,-0.0521774247185875,-0.629815505898278,0.572863752427898,1.01141904221586,Inf
"25%...114","Chum","SW Kod-Chum",1.6984838845235,1.36789580431042,2.03863281704447,0.5,0.411914647686202,0.588085352313798,-0.000181570069885319,-0.664406112799718,0.649652508157965,1.003762760787,Inf
"25%...115","Chum","NE Kod-Chum",1.52753747488843,1.24215419602333,1.88889336803946,0.5,0.378872187099573,0.621127812900427,-0.0556815012966606,-0.743409778556482,0.664422738931479,1.0044888006397,Inf
"25%...116","Chum","NW Kod-Chum",2.12884719555659,1.92897261252929,2.30902125375764,0.5,0.344101778604174,0.655898221395826,-0.0245149700828231,-0.624002681147951,0.589790708684378,1.0202631675431,Inf
"25%...117","Chum","Mainland Kod-Chum",1.3831073122588,1.1509056398889,1.6286708692375,0.5,0.411633822076704,0.588366177923296,0.019313413761629,-0.642454411502775,0.644082947160758,1.00884274175363,Inf
"25%...118","Chum","Perryville-Chum",1.09779469594238,0.801815919605242,1.38589249324382,0.5,0.408396295862168,0.591603704137832,-0.0174825484062445,-0.619383557606388,0.617062154045958,1.00586819155135,Inf
"25%...119","Chum","W Chig-Chum",1.78772218801645,1.50258727505947,2.05848412413768,0.5,0.442877767196771,0.557122232803229,0.0126993170382776,-0.603974544902202,0.607534577746833,1.01041549638388,Inf
"25%...120","Chum","Central Chig-Chum",1.07627966493412,0.787829584391416,1.43220077517416,0.5,0.393515210281391,0.606484789718609,-0.0285952967475476,-0.653631145556964,0.617997164885265,1.01020739162184,Inf
"25%...121","Chum","E Chig-Chum",1.17460458065808,0.824886141872646,1.49770474685716,0.5,0.400068267664722,0.599931732335278,-0.0195295836331252,-0.785440663395092,0.809541884861747,1.01432550197368,Inf
"25%...122","Chum","SW-Unimak-Chum",1.25871968600665,1.01615076684763,1.48713306305655,0.5,0.436366549532011,0.563633450467989,0.0256127826801442,-0.630780412940074,0.64516203714855,1.0077694450882,Inf
"25%...123","Chum","W-NW AKPen-Chum",0.976229168496002,0.650320232135152,1.29068409955649,0.5,0.3328569022176,0.6671430977824,-0.00774901682177058,-0.63301317128641,0.597335972906263,1.00532565943908,Inf
"25%...124","Chum","E-NW AKPen-Chum",0.885256728907235,0.702725327371077,1.1036012996908,0.5,0.412075838367022,0.587924161632978,-0.00360705921983579,-0.679943335312404,0.688887201123196,1.01087283786259,Inf
"25%...125","Chum","SE-SC AKPen-Chum",1.40254295853482,1.23078635554678,1.60227220799069,0.5,0.390855883601695,0.609144116398304,-0.0252673201392727,-0.657176725194077,0.636731056383228,1.01354232084067,Inf
"25%...126","Chum","N AKPen-Chum",1.15439825505952,0.953456806996921,1.36154517680214,0.5,0.432775728843602,0.567224271156398,0.0131057423321237,-0.634718434396733,0.64321188613904,1.00547375417165,Inf
"25%...127","Chum","Nushagak-Chum",1.19642959847908,0.94525375560757,1.40984522233988,0.5,0.305580909455063,0.694419090544937,0.0047304942949465,-0.596813822512728,0.596725146915359,1.01862391434974,Inf
"25%...128","Chum","Togiak-Chum",1.86368783308079,1.47461291389421,2.21360507135256,0.5,0.340146945352195,0.659853054647805,0.0211736109492731,-0.631590829027074,0.643544492327148,1.01057298644559,Inf
"25%...129","Chum","Yukon-Chum",0.867103569339842,0.584900637953142,1.11800781155299,0.5,0.378960001293953,0.621039998706048,-0.013875885504977,-0.753010762616631,0.721221005685407,1.00526040324906,Inf
"25%...130","Chum","Anvik-Chum",1.05112954997892,0.787513494432391,1.27829343356028,0.5,0.375297788665035,0.624702211334965,0.00638690806057806,-0.601397096711457,0.629396221991568,1.03682444821734,Inf
"25%...131","Chum","Andreafsky-Chum",0.710326999070246,0.382432762391092,1.03544109937991,0.5,0.376990079892971,0.623009920107029,-0.0283968681375123,-0.6311223045036,0.561385230355121,1.00783138036803,Inf
"25%...132","Chum","Norton Sound-Chum",1.37889833978998,1.17364405923628,1.60080820426243,0.5,0.394893433813153,0.605106566186847,-0.0202646067974934,-0.643440277920284,0.652433181496514,1.00792820608424,Inf
"25%...133","Chum","Kwiniuk Inlet-Chum",1.07988342669941,0.794141503110175,1.38454049236421,0.5,0.393753772492948,0.606246227507052,-0.00247057607676055,-0.641457835357355,0.595324719889505,1.00939261539957,Inf
"25%...134","Chum","Kotzebue-Chum",1.07448257179951,0.679514766893748,1.37935273647297,0.5,0.254811819161303,0.745188180838697,0.011256971816384,-0.597272682765142,0.604985717607195,1.00707937811015,Inf
"25%...135","Pink-Odd","Puyallup-Pink-Odd",0.89779044031878,0.511679087190588,1.40585727486966,0.5,0.340964429151994,0.659035570848006,0.0208389963522137,-0.722855349126282,0.772303894276363,1.00661291697999,Inf
"25%...136","Pink-Odd","Hood Canal-Pink-Odd",0.987458104429273,0.132039911257553,1.96926235426132,0.5,0.0517427420010463,0.948257257998954,-0.0157694904875435,-1.38093091986457,1.39862824588336,1.01047140265212,Inf
"25%...137","Pink-Odd","Snohomish-Pink-Odd",0.98102741412784,0.572582086367486,1.82389191423449,0.5,0.161208033154018,0.838791966845982,0.0114958957862197,-1.21125752759959,1.19230093707399,1.02063380261425,Inf
"25%...138","Pink-Odd","Dungeness-Pink-Odd",0.742137402912448,-0.183132584614457,1.69867696072973,0.5,0.0894211175307519,0.910578882469248,0.0121029231257551,-1.06679477825124,1.03971520827759,1.00797764988246,Inf
"25%...139","Pink-Odd","Stillaguamish-Pink-Odd",0.98417582703683,0.489670461996189,1.58857970340218,0.5,0.267951931233333,0.732048068766667,-0.0340517182141167,-1.01016385573062,1.01003716624015,1.0106737838787,Inf
"25%...140","Pink-Odd","Skagit-Pink-Odd",1.50462889209367,0.901828503674281,2.08122590545325,0.5,0.176639625436956,0.823360374563044,-0.0485106267767847,-1.16257884690436,1.1159687418472,1.00574224628571,Inf
"25%...141","Pink-Odd","Nooksack-Pink-Odd",1.50814349794294,0.94855470066319,2.08855785197625,0.5,0.253776100969959,0.746223899030041,-0.0147280993724642,-1.00063323695831,1.0129630685347,1.01153503910215,Inf
"25%...142","Pink-Odd","Nisqually-Pink-Odd",1.22347419020975,0.4004607536655,3.88249962854023,0.5,0.0477449854029614,0.952255014597039,0.011889598350306,-1.15164930640758,1.17098214685393,1.0093399739733,Inf
"25%...143","Pink-Odd","S South Misc.-Pink-Odd",1.06103648320709,0.296292079590619,2.02212412569477,0.5,0.107259417447219,0.892740582552781,0.0181085556992538,-1.26224324884383,1.25105341806939,1.00580704723745,Inf
"25%...144","Pink-Odd","Fraser-Pink-Odd",1.79338437552444,1.52205171179689,2.08600426922883,0.5,0.353396101287972,0.646603898712028,0.00815719414188465,-0.660308029508587,0.621058051622193,1.00757601753595,Inf
"25%...145","Pink-Even","BC South (no Fraser)-Pink-Even",1.24366528559614,0.78509405366581,1.67942113930078,0.5,0.208305430795332,0.791694569204668,-0.0152376954839041,-0.886092730035754,0.87808119692007,1.01662852246296,Inf
"25%...146","Pink-Odd","BC South (no Fraser)-Pink-Odd",1.42190782626838,0.940015545453137,1.93199697647766,0.5,0.0091782218412124,0.990821778158788,-0.0125901454656399,-1.10979761454918,1.11511371635348,1.00572651913414,Inf
"25%...147","Pink-Even","Area 10-Pink-Even",1.45402347863402,0.61699370402128,2.21353374197231,0.5,0.25727558288976,0.74272441711024,-0.00213307288028785,-0.718213667268324,0.717102146753459,1.00763442930005,Inf
"25%...148","Pink-Odd","Area 10-Pink-Odd",0.351382094586446,-0.971525468020926,0.676124863824724,0.5,0.00552261945854142,0.994477380541459,-0.0435162212225165,-0.633566990030815,0.589310430042101,1.05431572045312,Inf
"25%...149","Pink-Even","Area 9-Pink-Even",0.320086635407824,-0.364764081648285,1.03083529901109,0.5,0.0333239034833208,0.966676096516679,0.0134806823274305,-1.01127502150632,1.05344788983878,1.00403490531588,Inf
"25%...150","Pink-Odd","Area 9-Pink-Odd",0.552366887784023,-0.0255790223138457,1.25875043122031,0.5,0.292608298232724,0.707391701767276,0.005655673275788,-0.778723750975807,0.747275799773023,1.00540809906007,Inf
"25%...151","Pink-Even","Area 8-Pink-Even",0.691470758310988,-0.35096099289804,1.52532831589421,0.5,0.00299857427741246,0.997001425722588,-0.0181928334857527,-1.05062287673729,0.995727237140744,1.00799326383195,Inf
"25%...152","Pink-Odd","Area 8-Pink-Odd",1.19696034028882,0.742551339651626,1.62943274389844,0.5,0.0165626709556595,0.98343732904434,-0.0228550570436099,-1.15181676565283,1.13732140727006,1.01743892335775,Inf
"25%...153","Pink-Even","Area 7-Pink-Even",0.940861174483986,0.575788978493246,1.38106322015695,0.5,0.342552645413469,0.657447354586531,-0.0252625785359834,-0.766654756584518,0.754464510833464,1.00961338214583,Inf
"25%...154","Pink-Odd","Area 7-Pink-Odd",1.2563463146804,0.869065070611649,1.71347655449602,0.5,0.00736572049279718,0.992634279507203,0.00527218209765264,-0.995004643387457,0.985040006461586,1.00702004810698,Inf
"25%...155","Pink-Even","Area 6-Pink-Even",0.885381611991216,0.184477152358428,1.70520936151778,0.5,0.0158902812777821,0.984109718722218,0.0208844456612427,-1.09276496113669,1.13931014417935,1.02432097260998,Inf
"25%...156","Pink-Odd","Area 6-Pink-Odd",1.01687760885183,0.49526030650609,1.55509164907012,0.5,0.137336838458724,0.862663161541276,0.0225180250830243,-0.831792238438883,0.899998290930056,1.01348056730126,Inf
"25%...157","Pink-Even","Area 5-Pink-Even",0.93459578625669,0.455827206385016,1.45372074530041,0.5,0.24459888613509,0.75540111386491,-0.032469608069603,-0.904933351007216,0.849333530125045,1.0090331968183,Inf
"25%...158","Pink-Odd","Area 5-Pink-Odd",1.07074462206182,0.53494346404102,1.55768316359298,0.5,0.0014672719296696,0.99853272807033,0.0144782483108711,-0.864243389961959,0.896784472456174,1.01196964823564,Inf
"25%...159","Pink-Even","Area 4-Pink-Even",1.36517627892937,0.58144643600927,2.25320357083833,0.5,0.113710884351473,0.886289115648527,0.00198648963460714,-0.951898826183204,0.928519086124374,1.03143662434582,Inf
"25%...160","Pink-Odd","Area 4-Pink-Odd",1.49697670770432,0.982409753218137,1.93670891264383,0.5,0.260448433824966,0.739551566175034,0.000320580913143426,-0.795522320017231,0.812048930518491,1.00708724221581,Inf
"25%...161","Pink-Even","Area 3-Pink-Even",1.05200017663253,0.428073458665543,1.56433701361827,0.5,0.0661822291160286,0.933817770883971,0.0245767855880448,-0.945942223163785,0.966393960179911,1.01728872674776,Inf
"25%...162","Pink-Odd","Area 3-Pink-Odd",1.48657773432346,1.20414231221891,1.76566343178436,0.5,0.35069605513546,0.64930394486454,0.0105852540349455,-0.637496915089393,0.707031269450384,1.00299178254063,Inf
"25%...163","Pink-Even","Area 2W-Pink-Even",1.24055256501421,0.77159666983809,2.0552775168104,0.5,0.0233387028121392,0.976661297187861,0.00121143715935828,-1.09303744923917,1.13526880103047,1.007611393228,Inf
"25%...164","Pink-Even","Area 2E-Pink-Even",0.93519184145784,0.594761153745873,1.56880769415701,0.5,0.0598272040755896,0.94017279592441,0.0587065520037787,-1.05329778655487,1.10478001133065,1.02377449585987,Inf
"25%...165","Pink-Odd","Area 2E-Pink-Odd",-0.0326094891336874,-0.532952840294773,0.344489651621668,0.5,0.363988968212967,0.636011031787033,0.00130877931109516,-0.653697307998979,0.647278650285185,1.00768688086247,Inf
"25%...166","Pink-Even","Area 1-Pink-Even",0.887703378286322,0.389664095793799,1.41944855375271,0.5,0.201772455713102,0.798227544286898,-0.0257647412207629,-0.973965997428577,0.960892088657542,1.00441482391342,Inf
"25%...167","Pink-Even","S SEAK-Pink-Even",1.62005200009237,1.33107532389463,2.01125577305526,0.5,0.201351122960659,0.798648877039341,0.0368235397662508,-0.952436192680316,0.959509988027954,1.00998862807262,Inf
"25%...168","Pink-Odd","S SEAK-Pink-Odd",1.23449143638962,0.828732103129301,1.75133001423657,0.5,0.0451676646550571,0.954832335344943,0.0290110925750086,-1.14808294784009,1.18472729053663,1.00509556211215,Inf
"25%...169","Pink-Even","N SEAK Outside-Pink-Even",0.616387971542221,0.128572289951339,1.15340308398594,0.5,0.0413592403980196,0.95864075960198,-0.0276352190328652,-0.919345114223236,0.898461118177879,1.0062697547678,Inf
"25%...170","Pink-Odd","N SEAK Outside-Pink-Odd",0.949923261002549,0.553064005933155,1.69332152744349,0.5,0.0377212931205512,0.962278706879449,-0.0148089345097377,-1.25140647303825,1.25945827783691,1.01457073938145,Inf
"25%...171","Pink-Even","N SEAK Inside-Pink-Even",1.09151446478782,0.63261188140857,1.55855343276312,0.5,0.173343262686278,0.826656737313722,0.0224506391821375,-0.959288592258062,1.00141804722309,1.00819136260197,Inf
"25%...172","Pink-Odd","N SEAK Inside-Pink-Odd",1.01684706883995,0.641398518320935,1.42272946905317,0.5,0.23323775177967,0.76676224822033,-0.018717563590295,-0.991053212633043,1.0064593567382,1.00972676967966,Inf
"25%...173","Pink-Even","Situk-Pink-Even",1.16351638037667,0.361778087864419,1.94669299027954,0.5,0.126610763033314,0.873389236966686,0.00675287514530473,-0.931758319806329,0.923652930393752,1.00623598014949,Inf
"25%...174","Pink-Odd","Situk-Pink-Odd",1.11916007683673,0.354491502373629,1.69234571939433,0.5,0.112955054480892,0.887044945519108,0.0311662991100828,-0.981551698864319,1.08779119538604,1.00242296399273,Inf
"25%...175","Pink-Even","Humpy-Pink-Even",1.29202449026207,0.861101334894682,1.69156513769379,0.5,0.330980253568567,0.669019746431433,-0.0202628245747764,-0.660239442288713,0.640584388939974,1.00515843839772,Inf
"25%...176","Pink-Odd","Humpy-Pink-Odd",1.83666887986104,0.873341870415791,2.63081178270059,0.5,0.0558903296144861,0.944109670385514,0.0287169447807862,-0.706263602073109,0.729006403411318,1.01394415062163,Inf
"25%...177","Pink-Even","PWS-Pink-Even",1.27649498227786,0.790460592995471,1.7298228192603,0.5,0.16405395371962,0.83594604628038,0.0702923518634433,-0.988483125207226,1.06825027606137,1.00376049390428,Inf
"25%...178","Pink-Odd","PWS-Pink-Odd",1.26228799771875,0.964112425514748,1.69040843736871,0.5,0.139386555391986,0.860613444608014,-0.0352338207031212,-0.997350721281946,0.978800098846859,1.00756643150104,Inf
"25%...179","Pink-Even","S CIn-Pink-Even",0.781022759076646,0.422563795363796,1.13002788696223,0.5,0.201273174229668,0.798726825770332,-0.0101755835464427,-0.937613917640747,0.924688004580505,1.01667575968773,Inf
"25%...180","Pink-Odd","S CIn-Pink-Odd",0.85474440017661,0.0655293856288515,1.43385728729705,0.5,0.184519072237679,0.815480927762321,0.00892920007023827,-0.958086819570394,1.00307501437388,1.01079557546272,Inf
"25%...181","Pink-Even","Outer CIn-Pink-Even",1.18845761454484,0.648765454031551,1.67574975810349,0.5,0.208029955773334,0.791970044226666,-0.0359110840569701,-0.753266366152557,0.728141171294995,1.00677712867729,Inf
"25%...182","Pink-Odd","Outer CIn-Pink-Odd",1.17771813914359,0.663560085156315,1.67683363270294,0.5,0.334107713672716,0.665892286327284,-0.0135918428494345,-0.714516574122922,0.724079899527566,1.00954850146037,Inf
"25%...183","Pink-Even","Kamishak-Pink-Even",0.935678728916957,-0.0895823833166484,2.02817455821033,0.5,0.0273554198759957,0.972644580124004,-0.0148616395775508,-0.982419748006343,0.989292391806314,1.01149794848738,Inf
"25%...184","Pink-Odd","Kamishak-Pink-Odd",0.984846790426409,-0.0967186741172752,1.85095758289364,0.5,0.196875391258836,0.803124608741164,-0.0319867588944445,-0.840062760720039,0.794239857851489,1.0104829343779,Inf
"25%...185","Pink-Even","Afognak-Pink-Even",2.20799911208718,1.89169702243318,2.57416088040969,0.5,0.207246176999523,0.792753823000477,0.0144151010761686,-0.735111208427532,0.731118269871289,1.00781860475454,Inf
"25%...186","Pink-Odd","Afognak-Pink-Odd",1.90298732134683,1.53664276578568,2.27606972615025,0.5,0.341394234412876,0.658605765587124,0.000514768337636073,-0.684602021506059,0.68607115309804,1.00668687023683,Inf
"25%...187","Pink-Even","W Kod-Pink-Even",1.39332119144501,1.1026940439075,1.75687365828695,0.5,0.148919147923302,0.851080852076698,0.004516792118338,-0.863606232951499,0.898461129794019,1.01743525158614,Inf
"25%...188","Pink-Odd","W Kod-Pink-Odd",1.51476633438829,1.19506043591579,1.87708120227576,0.5,0.305542667373579,0.694457332626421,0.00713072047024479,-0.805406130297026,0.772849907415526,1.00740610395374,Inf
"25%...189","Pink-Even","Alitak-Pink-Even",1.08396586239774,0.685012217987185,1.83177930950365,0.5,0.0411442323003282,0.958855767699672,0.0121515227824127,-1.05139371739669,1.0622497464787,1.03531501602687,Inf
"25%...190","Pink-Odd","Alitak-Pink-Odd",1.50498539422646,1.05217743492029,1.9783812906934,0.5,0.207483976769396,0.792516023230604,-0.00424519479137471,-0.900037510700059,0.86746713133248,1.0123426075363,Inf
"25%...191","Pink-Even","E Kod-Pink-Even",0.938021956852336,0.511435775267106,1.33672552923867,0.5,0.154726875468492,0.845273124531508,0.036122834273161,-0.955805219111677,1.04479840372436,1.01018593170584,Inf
"25%...192","Pink-Odd","E Kod-Pink-Odd",1.36217244969961,0.973697742512444,1.80081580298042,0.5,0.0790078758234539,0.920992124176546,-0.0158642871265717,-0.91995674349193,0.93818137222389,1.00744847105319,Inf
"25%...193","Pink-Even","Mainland Kod-Pink-Even",1.09167610567806,0.797401836564012,1.41689122538247,0.5,0.0780923982784317,0.921907601721568,-0.000790374125809318,-0.961608434828904,0.965967305814768,1.0273382303498,Inf
"25%...194","Pink-Odd","Mainland Kod-Pink-Odd",0.702281767557864,0.3896465138433,1.06137761416049,0.5,0.327734351957025,0.672265648042975,-0.0163895035339619,-0.805323195673369,0.739197500345411,1.0069567295718,Inf
"25%...195","Pink-Even","Chignik Bay-Pink-Even",2.78514401789307,2.27177304255916,3.35457866369086,0.5,0.269977861662213,0.730022138337787,0.00652310905174258,-0.69341431045111,0.653131793754944,1.00681430019735,Inf
"25%...196","Pink-Odd","Chignik Bay-Pink-Odd",2.49482893514447,1.99244080719295,4.16496854265736,0.5,0.00257088875473451,0.997429111245266,0.0109744171403297,-0.667728060901247,0.684758217393514,1.06810500604486,Inf
"25%...197","Pink-Even","Central Chig-Pink-Even",1.28629050798902,0.85351772536319,1.7285455504694,0.5,0.388130078125576,0.611869921874424,-0.00606669716675158,-0.767270432784824,0.777105729804373,1.00761227319487,Inf
"25%...198","Pink-Odd","Central Chig-Pink-Odd",0.954532939218134,0.485007897426997,1.55627781448254,0.5,0.266273171634205,0.733726828365795,0.033534327773209,-0.846416824186427,0.892964604573766,1.01843198588934,Inf
"25%...199","Pink-Even","E Chig-Pink-Even",0.868932238233542,0.570966912210921,1.21471620821555,0.5,0.403446180913625,0.596553819086375,0.0215584915447433,-0.679958285292333,0.723840073421391,1.00583579518419,Inf
"25%...200","Pink-Odd","E Chig-Pink-Odd",0.661847443727668,0.174550394240945,1.3708313130138,0.5,0.112464779557387,0.887535220442613,0.0236230344312797,-0.902025292569995,0.91895164334186,1.0228937826026,Inf
"25%...201","Pink-Even","W Chig-Pink-Even",2.35960806902384,1.91950062633226,2.82178596195721,0.5,0.347736504121081,0.652263495878919,-1.60713087552482e-05,-0.733798768103418,0.764381950907676,1.00426793713116,Inf
"25%...202","Pink-Odd","W Chig-Pink-Odd",1.74675785670132,1.35301399909474,2.2615384150148,0.5,0.307739299995409,0.692260700004591,-0.0230457529568111,-0.769009563670256,0.763596888526801,1.0132773449294,Inf
"25%...203","Pink-Even","Perryville-Pink-Even",1.12991991815,0.353825010944246,1.71982802862941,0.5,0.134068902765592,0.865931097234408,-0.0314947227623801,-0.835395194290703,0.779684901030384,1.04197500564806,Inf
"25%...204","Pink-Odd","Perryville-Pink-Odd",1.05714865849859,0.460836324900559,1.60200201526597,0.5,0.0858103420623669,0.914189657937633,-0.0288538605743872,-0.96200051805752,0.919925414373453,1.00899530013741,Inf
"25%...205","Pink-Even","SE-SC AKPen-Pink-Even",1.36549044738375,0.923810400386765,1.78424481818395,0.5,0.379346253230404,0.620653746769596,-0.00654477166550073,-0.760690159685112,0.796347883648859,1.00564115120532,Inf
"25%...206","Pink-Odd","SE-SC AKPen-Pink-Odd",1.40407707461795,0.954308126448248,1.83368277217207,0.5,0.341563102674398,0.658436897325602,0.0140530154534064,-0.78532590756997,0.828236189061774,1.0177953034266,Inf
"25%...207","Pink-Even","SW-Unimak-Pink-Even",1.29777363171798,0.584960521034352,1.93823014423087,0.5,0.245541683268915,0.754458316731085,-0.00748789451787538,-0.86796713038501,0.833166516457288,1.00835867732852,Inf
"25%...208","Pink-Odd","SW-Unimak-Pink-Odd",1.1977227185983,0.622809041194697,1.76729052047154,0.5,0.271417524898405,0.728582475101595,0.0250901657371131,-0.780406544223032,0.794225986334324,1.00775653509619,Inf
"25%...209","Pink-Even","NW AKPen-Pink-Even",0.870024068477956,0.0647887874520356,2.0368054859079,0.5,0.0837275435821183,0.916272456417882,0.0126615059228129,-0.728384345107344,0.782932760064098,1.01915839848478,Inf
"25%...210","Pink-Odd","NW AKPen-Pink-Odd",0.870857003376921,0.150149378831559,1.70995379430167,0.5,0.305444388416755,0.694555611583245,-0.0196092111292177,-0.851863966873768,0.870192663102702,1.02038773409957,Inf
"25%...211","Pink-Even","Nushagak-Pink-Even",0.895737027702723,0.0469660151009195,1.85933287113605,0.5,0.14314153516513,0.85685846483487,0.0285306442767949,-0.820797276254539,0.861549812407453,1.01654942109953,Inf
"25%...212","Pink-Even","Unalakleet-Pink-Even",2.25164805819169,1.27788994772548,2.96948377399571,0.5,0.256314029603969,0.743685970396031,-0.0165229538744481,-0.674682562571067,0.657050992638523,1.01010209992451,Inf
"25%...213","Pink-Odd","Unalakleet-Pink-Odd",1.04637523053476,0.0441225532009756,2.09433416730328,0.5,0.249965440119308,0.750034559880692,0.0376122749584481,-0.582340851763489,0.635465221675095,1.00922289953619,Inf
"25%...214","Pink-Even","Nome-Pink-Even",1.04737540127421,-0.013603380691908,1.98855735825683,0.5,0.187468524228664,0.812531475771336,-0.00111211126046364,-0.809746374578004,0.80856389847642,1.00646066825685,Inf
"25%...215","Pink-Odd","Nome-Pink-Odd",0.786525867700618,-0.29696519465475,2.27935622086266,0.5,0.120267396122361,0.879732603877639,0.0228385259180493,-1.03339365604068,1.02304653607493,1.01253615082616,Inf
"25%...216","Pink-Even","Moses-Norton-Pink-Even",1.01839262048927,0.473972209760743,1.76191593407952,0.5,0.140893342301977,0.859106657698023,-0.00541750647596097,-1.07926340071234,1.05391101176261,1.00747977920233,Inf
"25%...217","Pink-Odd","Moses-Norton-Pink-Odd",0.729694272324076,-0.186049885370699,1.86119049011742,0.5,0.0763948759863197,0.92360512401368,-0.00734417899239112,-0.930529799596234,0.887789422920654,1.00803801271338,Inf
"25%...218","Coho","Buskin River-Coho",1.04753873205138,0.878486205609814,1.22563739749698,0.5,0.278125460575286,0.721874539424714,0.00331068197323578,-0.707040421178508,0.690867241003865,1.01653223944721,Inf
"25%...219","Coho","Kuskokwim River-Coho",0.768665089798182,0.537106023487573,1.17603923164497,0.5,0.238087586123933,0.761912413876067,-0.00389768693571156,-0.665680310356401,0.602862451463215,1.02603968187721,Inf
"25%...220","Coho","Auke Creek-Coho",1.71287326818506,1.32574291850262,2.13124405159148,0.5,0.374969836694566,0.625030163305434,0.0227421906248566,-0.639260150822668,0.628118092829171,1.00813604908175,Inf
"25%...221","Coho","Berners River-Coho",1.74756372613891,1.52590526263568,2.00879735464022,0.5,0.344031359778092,0.655968640221908,0.00406892722593106,-0.654159724157759,0.680030663440918,1.00478651892118,Inf
"25%...222","Coho","Ford Arm Lake-Coho",1.75047965936786,1.29626842277778,2.3004002324475,0.5,0.176830560034257,0.823169439965743,-0.0108691214496408,-0.677415707474946,0.678847568639888,1.00692069569612,Inf
"25%...223","Coho","Hugh Smith Lake-Coho",1.23932546409387,0.824234341851366,1.66545913143789,0.5,0.209590725331439,0.790409274668561,0.0313503975651892,-0.608684670494038,0.683219496726374,1.04730656744066,Inf
"25%...224","Coho","Akwe River-Coho",2.42906074597156,2.21595197068009,2.61757378095663,0.5,0.384356820186186,0.615643179813814,-0.0183515842678836,-0.705486541682641,0.665672820288904,1.00666850838924,Inf
"25%...225","Coho","East Alsek River-Coho",2.08700882900239,1.88648091196434,2.29366442586348,0.5,0.406887834340459,0.593112165659541,-0.0148689207582606,-0.671852539002171,0.643095544785263,1.00474807560719,Inf
"25%...226","Coho","Italio River-Coho",2.51318151979091,2.06146145140651,2.75834981493687,0.5,0.171238719620389,0.82876128037961,0.0199309814255805,-0.562064507819751,0.613508009360775,1.01723700093985,Inf
"25%...227","Coho","Kaliakh River-Coho",1.76645123130346,1.51012689675111,2.07364117395391,0.5,0.303526611111171,0.696473388888829,0.0062218957076662,-0.62175510172227,0.614839572994479,1.00682751260854,Inf
"25%...228","Coho","Lost River-Coho",2.33684700626335,2.10015496444747,2.65459848328144,0.5,0.295630538268085,0.704369461731915,-0.0236116407617288,-0.748553438197657,0.685528421890722,1.00323868799947,Inf
"25%...229","Coho","Situk River-Coho",3.0596614132558,2.85788123293232,3.25913399975863,0.5,0.419650099192675,0.580349900807325,0.0225984852494652,-0.65527973605591,0.654819747713263,1.01112129509019,Inf
"25%...230","Coho","Tsiu River-Coho",2.1701098709592,1.98030528764484,2.36087952118812,0.5,0.395586664660378,0.604413335339622,0.00754817746484207,-0.60682680615926,0.626985115112419,1.01276404464915,Inf
"25%...231","Coho","Middle_Fraser-Coho",0.663397693684562,0.321335284761992,0.968424888836113,0.5,0.264343962031513,0.735656037968487,-0.0396163731072745,-0.661017407531258,0.608789262967345,5.62790164011838,Inf
"25%...232","Coho","Fraser_Canyon-Coho",1.47228433221283,1.09514846255947,1.83332741672722,0.5,0.373691155744734,0.626308844255266,-0.0252227308604457,-0.638143629713721,0.627620723985197,1.00515264372634,Inf
"25%...233","Coho","Lower_Thompson-Coho",0.851778400986556,0.454459142445028,1.14045218704551,0.5,0.33878976826783,0.66121023173217,-0.00689442763210301,-0.59999103663148,0.599017594822255,1.0193640427185,Inf
"25%...234","Coho","North_Thompson-Coho",1.11490789766555,0.544594611383135,1.49782469020069,0.5,0.000180802077289226,0.999819197922711,-0.0044502916994537,-0.577610126459824,0.533195669980512,1.04076214876617,Inf
"25%...235","Coho","South_Thompson-Coho",0.751126916981224,0.409285834205001,1.14350358742113,0.5,0.262861767715827,0.737138232284173,0.0165089607592199,-0.611244878365731,0.602601154697942,1.00673048175614,Inf
"25%...236","Chinook","Ayakulik-Chinook",1.09541191048776,0.701063532131009,1.38509756602569,0.5,0.333615316913735,0.666384683086265,0.0198478751978186,-0.567135112272143,0.56360571558866,1.01518373487077,Inf
"25%...237","Chinook","Karluk-Chinook",0.579313315012919,0.280544674858547,0.947428814137842,0.5,0.325977257311627,0.674022742688373,-0.040472512776591,-0.886542579210486,0.830903245995282,1.01223099613995,Inf
"25%...238","Chinook","Chignik-Chinook",1.52239100126716,1.24957104695168,1.75837897073303,0.5,0.357434992085298,0.642565007914702,-0.0167152822327733,-0.598697385796633,0.583638004607249,1.00946042343585,Inf
"25%...239","Chinook","Nelson-Chinook",1.29838093705585,1.12613711527346,1.46018051908901,0.5,0.336212928178384,0.663787071821616,0.0221026313914736,-0.685146636338642,0.668951709079081,1.00446339788113,Inf
"25%...240","Chinook","Goodnews-Chinook",1.29154777578401,1.05520331081422,1.54710989267164,0.5,0.351784409379174,0.648215590620826,0.0203250447305849,-0.636904654022901,0.631133770647939,1.00531413298939,Inf
"25%...241","Chinook","Chickamin-Chinook",0.263809170538062,0.2144100626494,0.319637827897148,0.5,0.413464090983301,0.586535909016699,-0.0233885833981445,-0.70021977418306,0.662217198827415,1.00408677447973,Inf
"25%...242","Chinook","Chilkat-Chinook",0.824309442136845,0.340863453143703,1.37632303593233,0.5,0.339381933512542,0.660618066487458,0.00412358422562376,-0.628193163675985,0.609149060252338,1.00630303332017,Inf
"25%...243","Chinook","King Salmon River-Chinook",0.288935640342924,0.226521775011419,0.355346138133425,0.5,0.353951167310031,0.646048832689969,-0.0107991279241882,-0.655865575353772,0.604577918433009,1.00768363454744,Inf
"25%...244","Chinook","Stikine-Chinook",1.04923021409295,0.669038623538691,1.32895956339807,0.5,0.241474979484567,0.758525020515433,0.00617239357483358,-0.613643717318463,0.602357046413835,1.00691074745465,Inf
"25%...245","Chinook","Unuk-Chinook",0.40602112143639,0.32251534543766,0.503586228481427,0.5,0.281716755833875,0.718283244166125,-0.00452530005466931,-0.829205100073225,0.854641759866838,1.02121736720711,Inf
"25%...246","Chinook","Situk-Chinook",1.53981244551417,1.14820983659211,1.92823045417261,0.5,0.364403583921002,0.635596416078998,-0.0186725649473582,-0.658719580188749,0.618970218217325,1.00871504697723,Inf
"25%...247","Chinook","Keta-Chinook",0.105441701235933,0.0502422667429924,0.263672603115868,0.5,0.000113443789789464,0.99988655621021,0.0251604585115652,-0.705911737135636,0.706010322654101,1.12377546430162,Inf
"25%...248","Chinook","Blossom-Chinook",0.613256191080317,0.0959716060940769,0.753410961173739,0.5,1.00120398057121e-58,1,0.0569370912292907,-0.590827873700313,0.701779245407903,1.17026124186294,Inf
"25%...249","Chinook","Kuskokwim-Chinook",2.25115334217501,2.09885991011154,2.42170324299746,0.5,0.345072082250351,0.654927917749649,0.0133617321966241,-0.638578458440454,0.673547477284492,1.01117806108286,Inf
"25%...250","Chinook","Nushagak-Chinook",1.49892364692604,1.28218717222537,1.72398851360993,0.5,0.371833264175844,0.628166735824156,0.00695967795852533,-0.598069778780132,0.615742731590463,1.00733248608629,Inf
"25%...251","Chinook","Kenai (early)-Chinook",1.66030383005929,1.3954327138056,1.9073972213507,0.5,0.254259584714763,0.745740415285237,-0.0140071519569978,-0.701100383432084,0.6900284815303,1.00811797763211,Inf
"25%...252","Chinook","Kenai (late)-Chinook",1.36193232004086,1.15640174724194,1.57363938004581,0.5,0.377866101520116,0.622133898479884,0.0143464516428155,-0.653938332380976,0.634434483090009,1.00897483642001,Inf
"25%...253","Chinook","Unalakleet-Chinook",0.617095663189362,0.432023915991747,1.26269909956489,0.5,1.1604424936418e-08,0.999999988395575,0.150588066895954,-0.52545121988163,0.712970389851444,1.36043477125967,Inf
"25%...254","Chinook","Cowichan-Chinook",0.522773129958135,0.0502871587703361,1.16499481917584,0.5,0.104692571341569,0.895307428658431,0.00702925980900683,-0.602760002857597,0.646895316783721,1.00949012502067,Inf
"25%...255","Chinook","Harrison-Chinook",0.970203238895102,0.581094161345315,1.53547820577705,0.5,0.155896568666157,0.844103431333843,0.0171602894358907,-0.552556068702291,0.571443162388851,1.00538184334045,Inf
"25%...256","Chinook","Lower Shuswap-Chinook",0.798265087840308,0.414576075054248,1.15944058148416,0.5,0.284979809702623,0.715020190297377,0.0155401730847408,-0.576455512277716,0.601456439915678,1.01043051599168,Inf
"25%...257","Chinook","Nicola-Chinook",0.230615119176251,0.0568985591250875,0.385281748157183,0.5,0.389219055081957,0.610780944918043,-0.00143746248387869,-0.658102406208001,0.664449216257934,1.00781557013295,Inf
"25%...258","Chinook","Bear Valley Creek-Chinook",0.487889624810024,-0.241688855516533,1.32316375846483,0.5,0.129475302994943,0.870524697005057,-0.0264145550465278,-0.615303127550871,0.533516344839382,1.01641100918456,Inf
"25%...259","Chinook","Big Creek-Chinook",0.593947075984022,-0.143314353555926,1.37692033926975,0.5,0.22607872042393,0.77392127957607,0.0333757966166101,-0.532877420969557,0.566743103264407,1.02089648848803,Inf
"25%...260","Chinook","Camas Creek-Chinook",0.587725285449302,-0.212527690516299,1.87005712940398,0.5,0.0436313088400762,0.956368691159924,-0.00363340535875199,-0.587366448202902,0.543876588903546,1.01709261534774,Inf
"25%...261","Chinook","Catherine Creek-Chinook",0.675531950899508,-0.170937760066192,1.64107726885914,0.5,0.0523745685428794,0.947625431457121,-0.0118964384232116,-0.696530945069771,0.649376179779521,1.01876815613148,Inf
"25%...262","Chinook","East Fork Salmon River-Chinook",0.5640518228963,-0.297361749481476,1.84075386776554,0.5,0.0118225426843362,0.988177457315664,-0.00424633623593646,-0.553550846815893,0.561482059386162,1.03140483504584,Inf
"25%...263","Chinook","Grande Ronde River Upper Mainstem-Chinook",1.00988142211308,0.400608600293376,1.80280192804946,0.5,0.266199278185768,0.733800721814232,-0.0313495830506857,-0.587897165746828,0.511631996266857,1.01063543634191,Inf
"25%...264","Chinook","Imnaha River Mainstem-Chinook",0.731996011568742,0.453982317735349,1.02280606213679,0.5,0.390422902978331,0.609577097021669,0.00458046787220213,-0.623200915958617,0.600750336314222,1.00644905792668,Inf
"25%...265","Chinook","Lemhi River-Chinook",0.365940650634151,-0.298464806366225,1.05559205445972,0.5,0.241978795705434,0.758021204294566,-0.00401345417806543,-0.623061476191255,0.589972836957285,1.00848877307672,Inf
"25%...266","Chinook","Loon Creek-Chinook",0.820609189086657,0.28839326712801,1.4276091759363,0.5,0.382676631531213,0.617323368468787,-0.00654415779120131,-0.597883043032744,0.622572819536744,1.00552606730394,Inf
"25%...267","Chinook","Marsh Creek-Chinook",0.693761466727333,-0.178602806588895,1.93091171577125,0.5,0.0785787256772772,0.921421274322723,0.00998446932811821,-0.586978503898784,0.583516653955105,1.01741108241396,Inf
"25%...268","Chinook","Methow River-Chinook",0.657208380910392,0.313321616026922,1.04043374738798,0.5,0.447249024125891,0.552750975874109,0.0202225318948909,-0.595128948326622,0.628675423563942,1.00762162409808,Inf
"25%...269","Chinook","Middle Fork Salmon River Lower Mainstem-Chinook",0.92225595095291,0.237460391455735,1.66319726882828,0.5,0.322483429070768,0.677516570929232,-0.00543386091026708,-0.636174812765595,0.608926784816137,1.00469256081634,Inf
"25%...270","Chinook","Middle Fork Salmon River Upper Mainstem-Chinook",0.963988297854116,-0.103339443565805,1.59232701001373,0.5,0.118184129640248,0.881815870359752,-0.00495150063226873,-0.557706767241467,0.570157678989902,1.01206795825831,Inf
"25%...271","Chinook","Salmon River Lower Mainstem-Chinook",0.402873282051672,-0.214129762734931,0.981401349743483,0.5,0.240348670985728,0.759651329014272,-0.0132781772119983,-0.618521780437784,0.623301368407966,1.00378456412093,Inf
"25%...272","Chinook","Salmon River Upper Mainstem-Chinook",1.05530801690898,0.552403833461592,1.57727840080308,0.5,0.322828315164285,0.677171684835715,0.0214107432658314,-0.569708364791163,0.629814823384491,1.00853383257056,Inf
"25%...273","Chinook","Secesh River-Chinook",0.382304034302468,0.146817122572663,0.636409862616574,0.5,0.430350290839139,0.569649709160861,-0.00338392172364984,-0.593509633966008,0.600764096744205,1.00703126456438,Inf
"25%...274","Chinook","South Fork Salmon River-Chinook",0.18301693714023,-0.0910204699715078,0.499128893356165,0.5,0.373196416198,0.626803583802,-0.00452887448285615,-0.645869450347733,0.631390573957192,1.01719688784628,Inf
"25%...275","Chinook","Sulphur Creek-Chinook",0.739815830597064,0.0835233354556729,1.50813641005044,0.5,0.30540615813944,0.69459384186056,0.0107829882598761,-0.618375622615784,0.624502423527374,1.01221352628448,Inf
"25%...276","Chinook","Tucannon River-Chinook",1.05498258798331,0.688175257575659,1.41068062026375,0.5,0.427188637600193,0.572811362399807,0.0209351202458305,-0.647921670201616,0.666057340697609,1.00402889292116,Inf
"25%...277","Chinook","Valley Creek-Chinook",0.582318497061761,-0.247949386763535,1.76887403650855,0.5,0.043888442480266,0.956111557519734,-0.010909374278713,-0.600882821812615,0.56050949751299,1.01868883806811,Inf
"25%...278","Chinook","Wallowa/Lostine Rivers-Chinook",0.906981892167166,0.298379044004395,1.55976069659077,0.5,0.221053247764686,0.778946752235314,0.0199347517867243,-0.563239405199582,0.606890916292267,1.02116205862225,Inf
"25%...279","Chinook","Wenaha River-Chinook",0.26383260554439,-0.166504065255822,0.895101961684512,0.5,0.174568390222379,0.825431609777621,-0.0237364158221379,-0.63302234462603,0.610527319835493,1.00714837069846,Inf
"25%...280","Chinook","Wenatchee River-Chinook",0.485888482432408,0.128134067534363,0.876241893410391,0.5,0.388632235992681,0.611367764007319,0.00245721659527707,-0.655694380082584,0.661378335731602,1.00664454696436,Inf
"25%...281","Chinook","Yankee Fork-Chinook",1.05796827022053,0.137429913635521,2.27862368714146,0.5,0.289929996971662,0.710070003028338,-0.0253986070165194,-0.673991123189651,0.645072969208697,1.00706840022933,Inf
"25%...282","Chinook","Cedar River-Chinook",1.25720765946755,0.662672829192877,1.88708442526054,0.5,0.346233623841044,0.653766376158956,0.0202004708131681,-0.740109137869798,0.745231261056947,1.00771789180043,Inf
"25%...283","Chinook","Green River-Chinook",0.49373556824419,-0.399860955618754,1.13315935803546,0.5,0.238807793621001,0.761192206378999,0.012875731274706,-0.551698827446199,0.585084719370565,1.01271630997311,Inf
"25%...284","Chinook","Lower Sauk River-Chinook",1.76346279879092,1.35737179237649,2.26670893737935,0.5,0.345220859342073,0.654779140657927,0.0134196537130003,-0.683502607446841,0.696689708960345,1.01014869198385,Inf
"25%...285","Chinook","Lower Skagit River-Chinook",1.53918545492801,1.08251890482481,2.10291867439902,0.5,0.295145451936218,0.704854548063782,-0.00828721394655493,-0.641227160363232,0.63535215489733,1.01001232465678,Inf
"25%...286","Chinook","Mid-Hood Canal-Chinook",1.53106270175381,0.811595969458694,2.34658319128191,0.5,0.248741320689529,0.751258679310471,0.000756634326609053,-0.676724367993851,0.657623152702641,1.03794199281164,Inf
"25%...287","Chinook","Nisqually River-Chinook",2.43100670258299,1.53472576668868,3.13517897170606,0.5,0.265927300592235,0.734072699407765,-0.0273852848620934,-0.585153039657027,0.55189291222039,1.00871910431619,Inf
"25%...288","Chinook","North Fork Stillaguamish River-Chinook",1.62168375496633,1.07113457685441,2.1537564700027,0.5,0.428947810157419,0.57105218984258,-0.000891570391300167,-0.795208890626004,0.812149856850282,1.00461764961176,Inf
"25%...289","Chinook","Puyallup River-Chinook",1.3292351704504,0.886675270458883,1.72027337571585,0.5,0.39416592635932,0.60583407364068,-0.00842416746919394,-0.683814299547382,0.711507256155721,1.0061884188718,Inf
"25%...290","Chinook","Skokomish River-Chinook",1.04272229666323,0.60275258977547,1.60122153089437,0.5,0.35704640862596,0.64295359137404,-0.03154633828891,-0.620180585437049,0.555367220149189,1.00889754563455,Inf
"25%...291","Chinook","Skykomish River-Chinook",1.64082292105895,1.11103004639475,2.16466679012777,0.5,0.3250998669593,0.6749001330407,-0.00630002088895743,-0.573383396668282,0.549886448440165,1.00814479909309,Inf
"25%...292","Chinook","Snoqualmie River-Chinook",1.70406649544123,1.20878264157444,2.04181732157267,0.5,0.249539075276323,0.750460924723677,-0.0124647283705411,-0.566720800913539,0.547407207323784,1.00499611869401,Inf
"25%...293","Chinook","South Fork Stillaguamish River-Chinook",1.59829762276625,1.03598525193905,2.13177438743762,0.5,0.436746000327288,0.563253999672712,-0.00834022801197741,-0.699732550374108,0.688173514868743,1.0027529429956,Inf
"25%...294","Chinook","Suiattle River-Chinook",1.52689563886361,0.887828749203922,2.17028387868717,0.5,0.127597041487969,0.872402958512031,-0.000292963162168293,-0.521609510477755,0.532932269905963,1.01494255857014,Inf
"25%...295","Chinook","Upper Sauk River-Chinook",1.24464627506463,0.614629810817546,2.39551022878638,0.5,0.0865523673347716,0.913447632665228,-0.0144644562791199,-0.79179198627024,0.767468515148947,1.02449425176306,Inf
"25%...296","Chinook","Upper Skagit River-Chinook",2.46766139321529,2.12541398448505,3.44589687701582,0.5,0.0014202436722974,0.998579756327703,0.00929068228262495,-0.51022676451983,0.540319280101277,1.0094059103827,Inf
"25%...297","Chinook","White River-Chinook",-0.00127230992674017,-0.519098857622147,0.477418853176878,0.5,0.408298139390838,0.591701860609162,-0.00778519071059224,-0.639405194287105,0.659859234714377,1.00663949735755,Inf
"25%...298","Chinook","Clackamas River-Chinook",2.08463281620779,1.87089961619509,2.31319676300981,0.5,0.398987115574088,0.601012884425912,0.029880145319986,-0.679648987308859,0.706937326516209,1.01034711098743,Inf
"25%...299","Chinook","Elochoman River-Chinook",1.76420120335048,1.18787163645859,2.53085300968323,0.5,0.284299720023844,0.715700279976156,0.0109102125721903,-0.718387490058677,0.726241920149331,1.00822625129791,Inf
"25%...300","Chinook","Grays and Chinook Rivers-Chinook",1.31653043141947,0.857967418089986,1.81323769036422,0.5,0.357467232102586,0.642532767897414,0.0328746585965038,-0.602005445821458,0.648771807313485,1.01171687817732,Inf
"25%...301","Chinook","Kalama River-Chinook",1.45722438765417,1.10980359979036,1.87918789471194,0.5,0.386085784075923,0.613914215924077,0.01105860701389,-0.689450673423214,0.658750114815764,1.00900943310941,Inf
"25%...302","Chinook","Lewis River Fall-run-Chinook",0.918594708725447,0.627379160396557,1.20279240398863,0.5,0.470347005217937,0.529652994782063,0.0171002339694778,-0.645944579401665,0.667861577970893,1.00566104806581,Inf
"25%...303","Chinook","Lewis River Late fall-Chinook",1.74988889390438,1.50282237011048,1.97319259985559,0.5,0.369474859767583,0.630525140232417,0.101459538795287,-0.502639989190399,0.823393328278054,1.33203205123092,Inf
"25%...304","Chinook","Lower Cowlitz River-Chinook",0.693899583240403,0.24984663888186,1.13525346219733,0.5,0.369232277676202,0.630767722323798,0.0216736362953849,-0.598908494886765,0.619282924496406,1.00996154852583,Inf
"25%...305","Chinook","McKenzie River-Chinook",1.555177203612,1.2791973598499,2.15046893501719,0.5,0.117151698365781,0.882848301634219,-0.00834322081074858,-0.616989001621871,0.635060686297101,1.03348112766814,Inf
"25%...306","Chinook","Toutle River-Chinook",1.40487957519767,0.815615580724443,1.9692917469455,0.5,0.303133006472015,0.696866993527985,0.0178539129620483,-0.573621393947273,0.59359453857633,1.01195904458083,Inf
"25%...307","Chinook","Upper Gorge Tributaries-Chinook",1.41721711910107,0.47811820999303,2.26422220399858,0.5,0.311708684585636,0.688291315414364,0.000258765357103875,-0.56422685551449,0.560798075556998,1.00963203001239,Inf
"25%...308","Chinook","White Salmon River-Chinook",0.664449143551356,-0.00535410775265641,1.30337442756228,0.5,0.401267259020394,0.598732740979606,0.0133149576060668,-0.631282310265722,0.657906917968135,1.00667829195369,Inf
"25%...309","Coho","Clackamas River-Coho",1.4748683305156,0.778885089876114,2.07803526968962,0.5,0.23191771974209,0.76808228025791,0.0209641297386056,-0.71061389526766,0.729265989255943,1.00777209044582,Inf
"25%...310","Coho","Sandy River-Coho",1.22766175618739,0.860284491113816,1.64701033925578,0.5,0.39905511389757,0.60094488610243,0.00254692241095471,-0.662539588937092,0.637185568506342,1.00775006743012,Inf
"25%...311","Coho","OCN Rivers-Coho",1.09251599296468,0.461363908817403,1.67057246898615,0.5,0.0109230172355709,0.989076982764429,0.0138749551556906,-0.72276123787063,0.771790508509259,1.00634360836061,Inf
"25%...312","Coho","OCN Lakes-Coho",1.21322658588111,0.589029282111077,1.87741840521339,0.5,0.000436272778274163,0.999563727221726,0.00502119184342657,-0.572491370717318,0.582642964515743,1.04458443503247,Inf
"25%...313","Coho","Clackamas River Early-Coho",1.27480327598778,0.873755046827633,1.64587510960218,0.5,0.360327737632528,0.639672262367472,-0.0107435203045363,-0.686565496178699,0.688354287660225,1.00304835957202,Inf
"25%...314","Coho","Clackamas River Late-Coho",0.97326737265732,0.373777115026587,1.52544651872287,0.5,0.397136063144018,0.602863936855982,0.00204299418503086,-0.632260780135683,0.663235499780117,1.00545531790419,Inf
